date,href,push,title
 7/30,/bbs/Beauty/M.1659181987.A.BCC.html,17,[正妹] 閃亮亮加「鋅」
 7/30,/bbs/Beauty/M.1659185109.A.5DE.html,4,[正妹] 楊斯雅
 7/30,/bbs/Beauty/M.1659186114.A.A40.html,,[正妹] 高冷妹子
 7/30,/bbs/Beauty/M.1659190102.A.834.html,17,[正妹] Roberta Vasquez 美國模特兒 173cm
 7/30,/bbs/Beauty/M.1659194987.A.AB8.html,2,[正妹] 神似蒂法的蟹蟹梨
 7/31,/bbs/Beauty/M.1659198377.A.043.html,38,[正妹] Emilia Clarke的眉顏
 7/31,/bbs/Beauty/M.1659219806.A.D46.html,14,[正妹] 主播周瑜茹
 7/28,/bbs/Beauty/M.1658973737.A.3A8.html,99,[正妹] 臭臉 熊貓廣告
 7/28,/bbs/Beauty/M.1658978317.A.CBE.html,,[正妹] 就一張
 7/28,/bbs/Beauty/M.1658981922.A.2CA.html,18,[正妹] 1993年
 7/28,/bbs/Beauty/M.1658993401.A.4AD.html,24,[正妹] 跳遠選手Sofiya GORSHKOVA
 7/28,/bbs/Beauty/M.1659001796.A.9B8.html,7,[神人] 兩所大學女教授
 7/28,/bbs/Beauty/M.1659009379.A.299.html,40,[正妹] 零爭議
 7/28,/bbs/Beauty/M.1659010330.A.703.html,1,[正妹] 南韓
 7/28,/bbs/Beauty/M.1659010497.A.934.html,,[正妹] 南韓
 7/28,/bbs/Beauty/M.1659010918.A.5B8.html,33,[正妹] 南韓
 7/28,/bbs/Beauty/M.1659013522.A.477.html,,[正妹] 天使
 7/28,/bbs/Beauty/M.1659017582.A.AC1.html,28,[正妹] 吃蚵仔麵線淚崩的俄羅斯Tasia
 7/28,/bbs/Beauty/M.1659019001.A.5AC.html,,[正妹] 大尺碼｜肉特(984)
 7/29,/bbs/Beauty/M.1659056384.A.7BC.html,爆,[正妹] Lucy 黃昱璇
 7/29,/bbs/Beauty/M.1659060812.A.C6B.html,3,[正妹] 中國女子
 7/29,/bbs/Beauty/M.1659065640.A.412.html,,[神人] 這是什麼品種的馬？
 7/29,/bbs/Beauty/M.1659067511.A.D1A.html,9,[正妹] 全員未滿 NewJeans
 7/29,/bbs/Beauty/M.1659068197.A.3A2.html,26,[正妹] 上田 操
 7/29,/bbs/Beauty/M.1659068269.A.56B.html,5,[正妹] 日本
 7/26,/bbs/Beauty/M.1658827182.A.5B4.html,15,[正妹] 南韓
 7/29,/bbs/Beauty/M.1659068774.A.49A.html,5,[正妹] 腿
 7/29,/bbs/Beauty/M.1659069591.A.1CE.html,,[正妹] 白皙
 7/26,/bbs/Beauty/M.1658827522.A.4E1.html,2,[正妹] 南韓
 7/26,/bbs/Beauty/M.1658830475.A.91B.html,10,[正妹] 長澤茉莉奈
 7/26,/bbs/Beauty/M.1658830980.A.298.html,1,[正妹] 五官細緻
 7/26,/bbs/Beauty/M.1658831223.A.B1F.html,55,[正妹] 小宵虎南
 7/26,/bbs/Beauty/M.1658836531.A.8AC.html,3,[神人] 神一位韓國的舞者(200p)[已找到]
 7/26,/bbs/Beauty/M.1658838127.A.4D8.html,18,[正妹] Rinna Ly 紅髮烏克蘭模特兒
 7/26,/bbs/Beauty/M.1658838338.A.DC3.html,,[帥哥] 超兇的男人
 7/26,/bbs/Beauty/M.1658838700.A.C71.html,39,[正妹] 王心凌
 7/26,/bbs/Beauty/M.1658838811.A.3A0.html,3,[正妹] 短髮
 7/29,/bbs/Beauty/M.1659078316.A.BC2.html,17,[正妹] 記者 余品潔
 7/26,/bbs/Beauty/M.1658840445.A.8A2.html,2,[正妹] 谷尻萌
 7/26,/bbs/Beauty/M.1658840513.A.9B2.html,,[正妹] 大尺碼｜肉特(982) 
 7/26,/bbs/Beauty/M.1658843109.A.3BF.html,3,[正妹] KRD8 小田菜
 7/26,/bbs/Beauty/M.1658849771.A.C15.html,,[正妹] 巴西跳遠選手 Leticia Oro
 7/26,/bbs/Beauty/M.1658850907.A.DAB.html,16,[正妹] 吾家蟻女初長成 
 7/27,/bbs/Beauty/M.1658851436.A.C52.html,25,[正妹] 有點兇的游泳教練
 7/29,/bbs/Beauty/M.1659078958.A.66E.html,11,[正妹] 長澤茉里奈
 7/29,/bbs/Beauty/M.1659085296.A.60E.html,2,[正妹] 氣質正妹兩枚 偷渡帥氣黑柴
 7/29,/bbs/Beauty/M.1659086236.A.AC7.html,26,[正妹] 恩妃
 7/29,/bbs/Beauty/M.1659092858.A.B65.html,64,[正妹] 五選一
 7/29,/bbs/Beauty/M.1659099167.A.181.html,1,[正妹] 窗邊
 7/23,/bbs/Beauty/M.1658580310.A.F70.html,1,[神人] 首爾怪談女配角
 7/27,/bbs/Beauty/M.1658880362.A.0CD.html,25,[正妹] 好熱
 7/27,/bbs/Beauty/M.1658894187.A.CB7.html,26,[正妹] 靜脈
 7/27,/bbs/Beauty/M.1658897529.A.4AC.html,3,[神人] Gogoro新車廣告Model
 7/27,/bbs/Beauty/M.1658901243.A.542.html,14,[正妹] 眼鏡ELY cosplay
 7/29,/bbs/Beauty/M.1659102969.A.442.html,5,[神人] 少棒U12 CT GIRL
 7/29,/bbs/Beauty/M.1659107700.A.C02.html,4,[正妹] 冰淇淋
 7/29,/bbs/Beauty/M.1659108019.A.4E7.html,9,[正妹] 唐詩逸
 7/29,/bbs/Beauty/M.1659110187.A.E4A.html,1,[正妹] 大尺碼｜肉特(985)
 7/30,/bbs/Beauty/M.1659111568.A.53B.html,4,[正妹] 豫花花 Flora
 7/30,/bbs/Beauty/M.1659112226.A.257.html,,[正妹] 笑得好甜，感覺都戀愛了
 7/30,/bbs/Beauty/M.1659112607.A.118.html,2,[正妹] 氣質
 7/30,/bbs/Beauty/M.1659114404.A.9F1.html,18,[正妹] 金世正
 7/23,/bbs/Beauty/M.1658580865.A.DB4.html,8,[公告] 求檔水桶
 7/23,/bbs/Beauty/M.1658583234.A.469.html,3,[正妹] 太陽好大
 7/23,/bbs/Beauty/M.1658584618.A.F8D.html,29,[正妹] 幼兒園老師
 7/23,/bbs/Beauty/M.1658585077.A.AA9.html,4,[神人] 台北市政府大稻埕情人節活動CF
 7/23,/bbs/Beauty/M.1658588841.A.308.html,8,[正妹] 13y
 7/23,/bbs/Beauty/M.1658591294.A.3DB.html,爆,[神人] 一張圖
 7/24,/bbs/Beauty/M.1658596452.A.A03.html,41,[正妹] 體大
 7/24,/bbs/Beauty/M.1658598270.A.B63.html,35,[正妹] 烤魚頭
 7/30,/bbs/Beauty/M.1659118352.A.FAD.html,9,[正妹] 項婕如
 7/30,/bbs/Beauty/M.1659179404.A.B00.html,爆,[正妹] 安齋らら
 7/30,/bbs/Beauty/M.1659179842.A.7B3.html,5,[正妹] 白
 7/30,/bbs/Beauty/M.1659180910.A.102.html,7,[正妹] 夏天玩水
 7/30,/bbs/Beauty/M.1659181173.A.A00.html,73,[正妹] 泱泱 還是 短今 ???
 7/30,/bbs/Beauty/M.1659181917.A.69E.html,8,[正妹] 台灣配音老師 連思宇
 7/24,/bbs/Beauty/M.1658607642.A.431.html,27,[正妹] 鋼琴家
 7/24,/bbs/Beauty/M.1658631713.A.148.html,29,[正妹] 台大國發所研究生張舒萍
 7/24,/bbs/Beauty/M.1658635031.A.73C.html,8,[正妹] Sabrina Laporte 法國模特兒 179cm
 7/24,/bbs/Beauty/M.1658638052.A.54A.html,13,[正妹] 金髮美人搭船遊河畔
 7/24,/bbs/Beauty/M.1658641197.A.BD8.html,5,[神人] New Fit 車模
 7/24,/bbs/Beauty/M.1658643756.A.D5C.html,27,[正妹] 妍衣
 7/22,/bbs/Beauty/M.1658491653.A.449.html,8,[正妹] Francine Parks 美國模特兒
 7/27,/bbs/Beauty/M.1658902999.A.425.html,,[正妹] 日本
 7/24,/bbs/Beauty/M.1658648138.A.A1C.html,35,[神人] 航站情緣 機場女生旅客
 7/24,/bbs/Beauty/M.1658650138.A.42F.html,38,[正妹] 數學老師（韓）
 7/24,/bbs/Beauty/M.1658655192.A.711.html,1,[正妹] 大尺碼｜肉特(A184)
 7/24,/bbs/Beauty/M.1658659434.A.E37.html,6,[正妹] 靠臉不靠奶
 7/24,/bbs/Beauty/M.1658661241.A.181.html,13,[正妹] Kelly 于文文
 7/22,/bbs/Beauty/M.1658492984.A.81D.html,,[正妹] Snowbaby 瑞雪
 7/22,/bbs/Beauty/M.1658496515.A.4F0.html,4,[正妹] 測試
 7/22,/bbs/Beauty/M.1658496535.A.B0F.html,5,[正妹] 偶像團體KRD8小田菜
 7/22,/bbs/Beauty/M.1658499311.A.D0B.html,6,[正妹] 人家的老婆
 7/22,/bbs/Beauty/M.1658503902.A.2E7.html,5,[正妹] 汪小敏
 7/23,/bbs/Beauty/M.1658507275.A.E5A.html,2,[正妹] 若林蘭
 7/23,/bbs/Beauty/M.1658507998.A.CC0.html,5,[正妹] RIRIKA
 7/23,/bbs/Beauty/M.1658508443.A.F67.html,7,[正妹] 上埜 れのん
 7/27,/bbs/Beauty/M.1658905355.A.971.html,3,[正妹] 韓國的路又大又寬敞
 7/27,/bbs/Beauty/M.1658915868.A.712.html,1,[神人] race girl
 7/27,/bbs/Beauty/M.1658916865.A.522.html,50,[正妹] 笑容還不錯
 7/27,/bbs/Beauty/M.1658918923.A.B9A.html,3,[正妹] 跑鞋鞋教教徒
 7/27,/bbs/Beauty/M.1658921239.A.A60.html,1,[正妹] 大尺碼｜肉特(983) 
 7/27,/bbs/Beauty/M.1658922596.A.170.html,1,[神人] Philips 無線喇叭 模特
 7/27,/bbs/Beauty/M.1658923948.A.C67.html,5,[正妹] 南韓
 7/27,/bbs/Beauty/M.1658925004.A.048.html,,[正妹] 南韓
 7/23,/bbs/Beauty/M.1658532270.A.0E4.html,15,[正妹] 金泰梨近期飯拍
 7/23,/bbs/Beauty/M.1658536628.A.F3E.html,2,[神人] 觀音佛祖女乩童
 7/23,/bbs/Beauty/M.1658551905.A.546.html,21,[正妹] 白色
 7/23,/bbs/Beauty/M.1658565362.A.2BE.html,2,[正妹] 大尺碼｜肉特(A183)  
 7/23,/bbs/Beauty/M.1658567938.A.75F.html,3,[廣告] 日本人妻外遇？文化差異？
 7/23,/bbs/Beauty/M.1658568296.A.819.html,6,[正妹] 台灣 優質
 7/23,/bbs/Beauty/M.1658569496.A.AE0.html,30,[正妹] 本郷柚巴
 7/27,/bbs/Beauty/M.1658926883.A.F46.html,3,[正妹] Vicki Witt 美國模特兒 170cm
 7/27,/bbs/Beauty/M.1658926889.A.E10.html,29,[正妹] 徐玄
 7/27,/bbs/Beauty/M.1658927003.A.F82.html,21,[正妹] 葉舒華
 7/27,/bbs/Beauty/M.1658927604.A.AA4.html,88,[正妹] 有腹肌
 7/27,/bbs/Beauty/M.1658934219.A.256.html,6,[正妹] 要天天開心
 7/27,/bbs/Beauty/M.1658935177.A.7E1.html,36,[正妹] 熟女身材好
 7/27,/bbs/Beauty/M.1658936497.A.47E.html,6,[正妹] Apink 吳夏榮
 7/28,/bbs/Beauty/M.1658970075.A.E0F.html,1,[正妹] 這麼可愛一定是....
 7/23,/bbs/Beauty/M.1658569595.A.3CC.html,45,[正妹] 曺柔理
 7/23,/bbs/Beauty/M.1658571042.A.FDF.html,2,[正妹] 海兒(op)
 7/23,/bbs/Beauty/M.1658571820.A.98D.html,7,[正妹] 越南 刺青 眼鏡
 7/23,/bbs/Beauty/M.1658574685.A.3FE.html,13,[正妹] 忍風藍 20年前
 7/28,/bbs/Beauty/M.1658970924.A.68E.html,1,[神人] 某女來賓
 7/28,/bbs/Beauty/M.1658971302.A.539.html,10,[正妹] 可愛的萊恩
 7/28,/bbs/Beauty/M.1658972283.A.401.html,26,[正妹] 學校教師
 7/21,/bbs/Beauty/M.1658385216.A.E88.html,4,[正妹] Haili
 7/21,/bbs/Beauty/M.1658385801.A.483.html,28,[正妹] peach
 7/21,/bbs/Beauty/M.1658393966.A.583.html,35,[正妹] 潤娥我婆
 7/21,/bbs/Beauty/M.1658394623.A.94B.html,18,[正妹] Haruho
 7/21,/bbs/Beauty/M.1658401088.A.B71.html,37,[正妹] 腹
 7/21,/bbs/Beauty/M.1658407941.A.105.html,20,[正妹] 烏克蘭新住民貝娜
 7/21,/bbs/Beauty/M.1658408065.A.921.html,29,[正妹] Jennifer Sullins 美國模特兒
 7/21,/bbs/Beauty/M.1658408178.A.927.html,9,[正妹] 陽光先生女角群
 7/21,/bbs/Beauty/M.1658413724.A.62B.html,31,[神人]  笑星撞地球
 7/21,/bbs/Beauty/M.1658415683.A.D4D.html,17,[正妹] 尻職人 倉持由香
 7/21,/bbs/Beauty/M.1658418693.A.92A.html,爆,[正妹] 李英愛 全智賢 孫藝真 金泰希的顏值巔峰期
 7/22,/bbs/Beauty/M.1658419581.A.DFE.html,8,[正妹] 雪炫
 7/22,/bbs/Beauty/M.1658455190.A.D56.html,37,[正妹] 光天化日下劈腿
 7/22,/bbs/Beauty/M.1658466043.A.ED2.html,,[正妹] Shion
 7/22,/bbs/Beauty/M.1658473947.A.B64.html,5,[正妹] 吃吃喝喝
 7/22,/bbs/Beauty/M.1658474224.A.2D9.html,,[正妹] 很大的眼睛，____也很大
 7/22,/bbs/Beauty/M.1658479499.A.D57.html,13,[正妹] 也是結衣
 7/22,/bbs/Beauty/M.1658480599.A.D53.html,8,[正妹] 蓬莱舞
 7/22,/bbs/Beauty/M.1658481410.A.E01.html,,[正妹] 麻生果恩
 7/22,/bbs/Beauty/M.1658484757.A.A01.html,15,[正妹] 莫允樂
 7/25,/bbs/Beauty/M.1658755766.A.9BF.html,34,[正妹] 寶礦力
 7/25,/bbs/Beauty/M.1658759889.A.848.html,,[正妹] 過分浪漫
 7/25,/bbs/Beauty/M.1658763696.A.5A5.html,19,[正妹] 白色
 7/25,/bbs/Beauty/M.1658764611.A.3AA.html,1,[正妹] 向後桃
 7/25,/bbs/Beauty/M.1658764798.A.4B5.html,1,[正妹] urara
 7/26,/bbs/Beauty/M.1658765446.A.EFD.html,16,[正妹] 大原
 7/26,/bbs/Beauty/M.1658765824.A.227.html,50,[正妹] 短髮 女友感
 7/26,/bbs/Beauty/M.1658769107.A.F54.html,3,[正妹] 瀑布玩水
 7/26,/bbs/Beauty/M.1658769591.A.AF6.html,,[正妹] 性感
 7/26,/bbs/Beauty/M.1658770595.A.B82.html,9,[正妹] 高中生，可能混血，氣質不錯
 7/26,/bbs/Beauty/M.1658790465.A.83F.html,8,[正妹] 馬尾 韓國非偶像出身女演員篇
 7/26,/bbs/Beauty/M.1658792348.A.F72.html,,[正妹] 聽說最近都差邊球
 7/26,/bbs/Beauty/M.1658799450.A.4AB.html,4,[正妹] 佐藤芹菜
 7/26,/bbs/Beauty/M.1658800418.A.9AA.html,11,[正妹] 韓國人
 7/26,/bbs/Beauty/M.1658805557.A.9EA.html,22,[正妹] 一張
 7/26,/bbs/Beauty/M.1658813108.A.877.html,3,[正妹] 青春4張
 7/26,/bbs/Beauty/M.1658815747.A.959.html,21,[正妹] 人妻兩張
 7/26,/bbs/Beauty/M.1658817873.A.063.html,38,[正妹] 好抱的
 7/26,/bbs/Beauty/M.1658823388.A.313.html,5,[神人] 神fb廣告的正妹
 7/26,/bbs/Beauty/M.1658823467.A.2D4.html,20,[正妹] 水蠻牛
 7/24,/bbs/Beauty/M.1658665543.A.147.html,7,[正妹] Pamela Anderson 還天然的時候
 7/24,/bbs/Beauty/M.1658667121.A.26A.html,29,[正妹] 主播
 7/24,/bbs/Beauty/M.1658671268.A.512.html,3,[正妹] 日永麗
 7/24,/bbs/Beauty/M.1658675252.A.FA0.html,10,[正妹] Carol Imhof 美國模特兒
 7/24,/bbs/Beauty/M.1658675597.A.4E8.html,2,[正妹] 麻倉瑞季
 7/24,/bbs/Beauty/M.1658677603.A.E66.html,15,[正妹] 哈薩克新住民可欣
 7/24,/bbs/Beauty/M.1658678271.A.896.html,21,[神人] 神影片中奶妹
 7/25,/bbs/Beauty/M.1658714372.A.0FE.html,73,[正妹] 苗條清新
 7/25,/bbs/Beauty/M.1658714972.A.3B2.html,爆,[正妹] 多組中文音樂圈的樂團成員
 7/25,/bbs/Beauty/M.1658725677.A.7E7.html,30,[神人] 劍湖山性轉滑水道奶妹
 7/25,/bbs/Beauty/M.1658727829.A.D92.html,,[正妹] 古靈精怪捲髮妹子
 7/25,/bbs/Beauty/M.1658730539.A.8B9.html,4,[正妹] halin
 7/25,/bbs/Beauty/M.1658733293.A.91D.html,89,[正妹] 對 修很大
 7/25,/bbs/Beauty/M.1658734726.A.675.html,15,[正妹] 黑色愛心
 7/25,/bbs/Beauty/M.1658745574.A.BE9.html,5,[正妹] 壓力
 7/25,/bbs/Beauty/M.1658746726.A.507.html,6,[正妹] 屁屁
 7/25,/bbs/Beauty/M.1658749534.A.71D.html,14,[正妹] Joni Miller 氣質美人 176cm
 7/25,/bbs/Beauty/M.1658749641.A.5F4.html,12,[正妹] 游泳
 7/25,/bbs/Beauty/M.1658750227.A.521.html,9,[正妹] 乃木坂5期生三巨頭
 7/25,/bbs/Beauty/M.1658751177.A.9D7.html,,[正妹] 大尺碼｜肉特(981)
date,href,push,title
 7/30,/bbs/Beauty/M.1659181987.A.BCC.html,17,[正妹] 閃亮亮加「鋅」
 7/30,/bbs/Beauty/M.1659185109.A.5DE.html,4,[正妹] 楊斯雅
 7/30,/bbs/Beauty/M.1659186114.A.A40.html,,[正妹] 高冷妹子
 7/30,/bbs/Beauty/M.1659190102.A.834.html,17,[正妹] Roberta Vasquez 美國模特兒 173cm
 7/30,/bbs/Beauty/M.1659194987.A.AB8.html,2,[正妹] 神似蒂法的蟹蟹梨
 7/31,/bbs/Beauty/M.1659198377.A.043.html,38,[正妹] Emilia Clarke的眉顏
 7/31,/bbs/Beauty/M.1659219806.A.D46.html,14,[正妹] 主播周瑜茹
 7/28,/bbs/Beauty/M.1658973737.A.3A8.html,99,[正妹] 臭臉 熊貓廣告
 7/28,/bbs/Beauty/M.1658978317.A.CBE.html,,[正妹] 就一張
 7/28,/bbs/Beauty/M.1658981922.A.2CA.html,18,[正妹] 1993年
 7/28,/bbs/Beauty/M.1658993401.A.4AD.html,24,[正妹] 跳遠選手Sofiya GORSHKOVA
 7/28,/bbs/Beauty/M.1659001796.A.9B8.html,7,[神人] 兩所大學女教授
 7/28,/bbs/Beauty/M.1659009379.A.299.html,40,[正妹] 零爭議
 7/28,/bbs/Beauty/M.1659010330.A.703.html,1,[正妹] 南韓
 7/28,/bbs/Beauty/M.1659010497.A.934.html,,[正妹] 南韓
 7/28,/bbs/Beauty/M.1659010918.A.5B8.html,33,[正妹] 南韓
 7/28,/bbs/Beauty/M.1659013522.A.477.html,,[正妹] 天使
 7/28,/bbs/Beauty/M.1659017582.A.AC1.html,28,[正妹] 吃蚵仔麵線淚崩的俄羅斯Tasia
 7/28,/bbs/Beauty/M.1659019001.A.5AC.html,,[正妹] 大尺碼｜肉特(984)
 7/29,/bbs/Beauty/M.1659056384.A.7BC.html,爆,[正妹] Lucy 黃昱璇
 7/29,/bbs/Beauty/M.1659060812.A.C6B.html,3,[正妹] 中國女子
 7/29,/bbs/Beauty/M.1659065640.A.412.html,,[神人] 這是什麼品種的馬？
 7/29,/bbs/Beauty/M.1659067511.A.D1A.html,9,[正妹] 全員未滿 NewJeans
 7/29,/bbs/Beauty/M.1659068197.A.3A2.html,26,[正妹] 上田 操
 7/26,/bbs/Beauty/M.1658827182.A.5B4.html,15,[正妹] 南韓
 7/29,/bbs/Beauty/M.1659068269.A.56B.html,5,[正妹] 日本
 7/29,/bbs/Beauty/M.1659068774.A.49A.html,5,[正妹] 腿
 7/29,/bbs/Beauty/M.1659069591.A.1CE.html,,[正妹] 白皙
 7/26,/bbs/Beauty/M.1658827522.A.4E1.html,2,[正妹] 南韓
 7/26,/bbs/Beauty/M.1658830475.A.91B.html,10,[正妹] 長澤茉莉奈
 7/26,/bbs/Beauty/M.1658830980.A.298.html,1,[正妹] 五官細緻
 7/26,/bbs/Beauty/M.1658831223.A.B1F.html,55,[正妹] 小宵虎南
 7/26,/bbs/Beauty/M.1658836531.A.8AC.html,3,[神人] 神一位韓國的舞者(200p)[已找到]
 7/26,/bbs/Beauty/M.1658838127.A.4D8.html,18,[正妹] Rinna Ly 紅髮烏克蘭模特兒
 7/26,/bbs/Beauty/M.1658838338.A.DC3.html,,[帥哥] 超兇的男人
 7/26,/bbs/Beauty/M.1658838700.A.C71.html,39,[正妹] 王心凌
 7/29,/bbs/Beauty/M.1659078316.A.BC2.html,17,[正妹] 記者 余品潔
 7/26,/bbs/Beauty/M.1658838811.A.3A0.html,3,[正妹] 短髮
 7/26,/bbs/Beauty/M.1658840445.A.8A2.html,2,[正妹] 谷尻萌
 7/26,/bbs/Beauty/M.1658840513.A.9B2.html,,[正妹] 大尺碼｜肉特(982) 
 7/26,/bbs/Beauty/M.1658843109.A.3BF.html,3,[正妹] KRD8 小田菜
 7/26,/bbs/Beauty/M.1658849771.A.C15.html,,[正妹] 巴西跳遠選手 Leticia Oro
 7/29,/bbs/Beauty/M.1659078958.A.66E.html,11,[正妹] 長澤茉里奈
 7/29,/bbs/Beauty/M.1659085296.A.60E.html,2,[正妹] 氣質正妹兩枚 偷渡帥氣黑柴
 7/29,/bbs/Beauty/M.1659086236.A.AC7.html,26,[正妹] 恩妃
 7/29,/bbs/Beauty/M.1659092858.A.B65.html,64,[正妹] 五選一
 7/29,/bbs/Beauty/M.1659099167.A.181.html,1,[正妹] 窗邊
 7/23,/bbs/Beauty/M.1658580310.A.F70.html,1,[神人] 首爾怪談女配角
 7/26,/bbs/Beauty/M.1658850907.A.DAB.html,16,[正妹] 吾家蟻女初長成 
 7/27,/bbs/Beauty/M.1658851436.A.C52.html,25,[正妹] 有點兇的游泳教練
 7/27,/bbs/Beauty/M.1658880362.A.0CD.html,25,[正妹] 好熱
 7/27,/bbs/Beauty/M.1658894187.A.CB7.html,26,[正妹] 靜脈
 7/27,/bbs/Beauty/M.1658897529.A.4AC.html,3,[神人] Gogoro新車廣告Model
 7/27,/bbs/Beauty/M.1658901243.A.542.html,14,[正妹] 眼鏡ELY cosplay
 7/29,/bbs/Beauty/M.1659102969.A.442.html,5,[神人] 少棒U12 CT GIRL
 7/29,/bbs/Beauty/M.1659107700.A.C02.html,4,[正妹] 冰淇淋
 7/29,/bbs/Beauty/M.1659108019.A.4E7.html,9,[正妹] 唐詩逸
 7/29,/bbs/Beauty/M.1659110187.A.E4A.html,1,[正妹] 大尺碼｜肉特(985)
 7/30,/bbs/Beauty/M.1659111568.A.53B.html,4,[正妹] 豫花花 Flora
 7/30,/bbs/Beauty/M.1659112226.A.257.html,,[正妹] 笑得好甜，感覺都戀愛了
 7/30,/bbs/Beauty/M.1659112607.A.118.html,2,[正妹] 氣質
 7/23,/bbs/Beauty/M.1658580865.A.DB4.html,8,[公告] 求檔水桶
 7/23,/bbs/Beauty/M.1658583234.A.469.html,3,[正妹] 太陽好大
 7/23,/bbs/Beauty/M.1658584618.A.F8D.html,29,[正妹] 幼兒園老師
 7/23,/bbs/Beauty/M.1658585077.A.AA9.html,4,[神人] 台北市政府大稻埕情人節活動CF
 7/23,/bbs/Beauty/M.1658588841.A.308.html,8,[正妹] 13y
 7/23,/bbs/Beauty/M.1658591294.A.3DB.html,爆,[神人] 一張圖
 7/24,/bbs/Beauty/M.1658596452.A.A03.html,41,[正妹] 體大
 7/24,/bbs/Beauty/M.1658598270.A.B63.html,35,[正妹] 烤魚頭
 7/30,/bbs/Beauty/M.1659114404.A.9F1.html,18,[正妹] 金世正
 7/30,/bbs/Beauty/M.1659118352.A.FAD.html,9,[正妹] 項婕如
 7/30,/bbs/Beauty/M.1659179404.A.B00.html,爆,[正妹] 安齋らら
 7/30,/bbs/Beauty/M.1659179842.A.7B3.html,5,[正妹] 白
 7/30,/bbs/Beauty/M.1659180910.A.102.html,7,[正妹] 夏天玩水
 7/30,/bbs/Beauty/M.1659181173.A.A00.html,73,[正妹] 泱泱 還是 短今 ???
 7/30,/bbs/Beauty/M.1659181917.A.69E.html,8,[正妹] 台灣配音老師 連思宇
 7/24,/bbs/Beauty/M.1658607642.A.431.html,27,[正妹] 鋼琴家
 7/24,/bbs/Beauty/M.1658631713.A.148.html,29,[正妹] 台大國發所研究生張舒萍
 7/24,/bbs/Beauty/M.1658635031.A.73C.html,8,[正妹] Sabrina Laporte 法國模特兒 179cm
 7/24,/bbs/Beauty/M.1658638052.A.54A.html,13,[正妹] 金髮美人搭船遊河畔
 7/24,/bbs/Beauty/M.1658641197.A.BD8.html,5,[神人] New Fit 車模
 7/24,/bbs/Beauty/M.1658643756.A.D5C.html,27,[正妹] 妍衣
 7/24,/bbs/Beauty/M.1658648138.A.A1C.html,35,[神人] 航站情緣 機場女生旅客
 7/22,/bbs/Beauty/M.1658491653.A.449.html,8,[正妹] Francine Parks 美國模特兒
 7/27,/bbs/Beauty/M.1658902999.A.425.html,,[正妹] 日本
 7/24,/bbs/Beauty/M.1658650138.A.42F.html,38,[正妹] 數學老師（韓）
 7/24,/bbs/Beauty/M.1658655192.A.711.html,1,[正妹] 大尺碼｜肉特(A184)
 7/24,/bbs/Beauty/M.1658659434.A.E37.html,6,[正妹] 靠臉不靠奶
 7/24,/bbs/Beauty/M.1658661241.A.181.html,13,[正妹] Kelly 于文文
 7/22,/bbs/Beauty/M.1658492984.A.81D.html,,[正妹] Snowbaby 瑞雪
 7/22,/bbs/Beauty/M.1658496515.A.4F0.html,4,[正妹] 測試
 7/22,/bbs/Beauty/M.1658496535.A.B0F.html,5,[正妹] 偶像團體KRD8小田菜
 7/22,/bbs/Beauty/M.1658499311.A.D0B.html,6,[正妹] 人家的老婆
 7/22,/bbs/Beauty/M.1658503902.A.2E7.html,5,[正妹] 汪小敏
 7/23,/bbs/Beauty/M.1658507275.A.E5A.html,2,[正妹] 若林蘭
 7/23,/bbs/Beauty/M.1658507998.A.CC0.html,5,[正妹] RIRIKA
 7/23,/bbs/Beauty/M.1658508443.A.F67.html,7,[正妹] 上埜 れのん
 7/27,/bbs/Beauty/M.1658905355.A.971.html,3,[正妹] 韓國的路又大又寬敞
 7/27,/bbs/Beauty/M.1658915868.A.712.html,1,[神人] race girl
 7/27,/bbs/Beauty/M.1658916865.A.522.html,50,[正妹] 笑容還不錯
 7/27,/bbs/Beauty/M.1658918923.A.B9A.html,3,[正妹] 跑鞋鞋教教徒
 7/27,/bbs/Beauty/M.1658921239.A.A60.html,1,[正妹] 大尺碼｜肉特(983) 
 7/27,/bbs/Beauty/M.1658922596.A.170.html,1,[神人] Philips 無線喇叭 模特
 7/27,/bbs/Beauty/M.1658923948.A.C67.html,5,[正妹] 南韓
 7/23,/bbs/Beauty/M.1658532270.A.0E4.html,15,[正妹] 金泰梨近期飯拍
 7/23,/bbs/Beauty/M.1658536628.A.F3E.html,2,[神人] 觀音佛祖女乩童
 7/23,/bbs/Beauty/M.1658551905.A.546.html,21,[正妹] 白色
 7/23,/bbs/Beauty/M.1658565362.A.2BE.html,2,[正妹] 大尺碼｜肉特(A183)  
 7/23,/bbs/Beauty/M.1658567938.A.75F.html,3,[廣告] 日本人妻外遇？文化差異？
 7/27,/bbs/Beauty/M.1658925004.A.048.html,,[正妹] 南韓
 7/27,/bbs/Beauty/M.1658926883.A.F46.html,3,[正妹] Vicki Witt 美國模特兒 170cm
 7/27,/bbs/Beauty/M.1658926889.A.E10.html,29,[正妹] 徐玄
 7/27,/bbs/Beauty/M.1658927003.A.F82.html,21,[正妹] 葉舒華
 7/27,/bbs/Beauty/M.1658927604.A.AA4.html,88,[正妹] 有腹肌
 7/23,/bbs/Beauty/M.1658568296.A.819.html,6,[正妹] 台灣 優質
 7/23,/bbs/Beauty/M.1658569496.A.AE0.html,30,[正妹] 本郷柚巴
 7/23,/bbs/Beauty/M.1658569595.A.3CC.html,45,[正妹] 曺柔理
 7/23,/bbs/Beauty/M.1658571042.A.FDF.html,2,[正妹] 海兒(op)
 7/23,/bbs/Beauty/M.1658571820.A.98D.html,7,[正妹] 越南 刺青 眼鏡
 7/27,/bbs/Beauty/M.1658934219.A.256.html,6,[正妹] 要天天開心
 7/27,/bbs/Beauty/M.1658935177.A.7E1.html,36,[正妹] 熟女身材好
 7/27,/bbs/Beauty/M.1658936497.A.47E.html,6,[正妹] Apink 吳夏榮
 7/28,/bbs/Beauty/M.1658970075.A.E0F.html,1,[正妹] 這麼可愛一定是....
 7/28,/bbs/Beauty/M.1658970924.A.68E.html,1,[神人] 某女來賓
 7/23,/bbs/Beauty/M.1658574685.A.3FE.html,13,[正妹] 忍風藍 20年前
 7/28,/bbs/Beauty/M.1658971302.A.539.html,10,[正妹] 可愛的萊恩
 7/28,/bbs/Beauty/M.1658972283.A.401.html,26,[正妹] 學校教師
 7/21,/bbs/Beauty/M.1658385216.A.E88.html,4,[正妹] Haili
 7/21,/bbs/Beauty/M.1658385801.A.483.html,28,[正妹] peach
 7/21,/bbs/Beauty/M.1658393966.A.583.html,35,[正妹] 潤娥我婆
 7/21,/bbs/Beauty/M.1658394623.A.94B.html,18,[正妹] Haruho
 7/21,/bbs/Beauty/M.1658401088.A.B71.html,37,[正妹] 腹
 7/21,/bbs/Beauty/M.1658407941.A.105.html,20,[正妹] 烏克蘭新住民貝娜
 7/21,/bbs/Beauty/M.1658408065.A.921.html,29,[正妹] Jennifer Sullins 美國模特兒
 7/21,/bbs/Beauty/M.1658408178.A.927.html,9,[正妹] 陽光先生女角群
 7/21,/bbs/Beauty/M.1658413724.A.62B.html,31,[神人]  笑星撞地球
 7/21,/bbs/Beauty/M.1658415683.A.D4D.html,17,[正妹] 尻職人 倉持由香
 7/21,/bbs/Beauty/M.1658418693.A.92A.html,爆,[正妹] 李英愛 全智賢 孫藝真 金泰希的顏值巔峰期
 7/22,/bbs/Beauty/M.1658419581.A.DFE.html,8,[正妹] 雪炫
 7/22,/bbs/Beauty/M.1658455190.A.D56.html,37,[正妹] 光天化日下劈腿
 7/22,/bbs/Beauty/M.1658466043.A.ED2.html,,[正妹] Shion
 7/22,/bbs/Beauty/M.1658473947.A.B64.html,5,[正妹] 吃吃喝喝
 7/22,/bbs/Beauty/M.1658474224.A.2D9.html,,[正妹] 很大的眼睛，____也很大
 7/22,/bbs/Beauty/M.1658479499.A.D57.html,13,[正妹] 也是結衣
 7/22,/bbs/Beauty/M.1658480599.A.D53.html,8,[正妹] 蓬莱舞
 7/22,/bbs/Beauty/M.1658481410.A.E01.html,,[正妹] 麻生果恩
 7/22,/bbs/Beauty/M.1658484757.A.A01.html,15,[正妹] 莫允樂
 7/25,/bbs/Beauty/M.1658755766.A.9BF.html,34,[正妹] 寶礦力
 7/25,/bbs/Beauty/M.1658759889.A.848.html,,[正妹] 過分浪漫
 7/25,/bbs/Beauty/M.1658763696.A.5A5.html,19,[正妹] 白色
 7/25,/bbs/Beauty/M.1658764611.A.3AA.html,1,[正妹] 向後桃
 7/25,/bbs/Beauty/M.1658764798.A.4B5.html,1,[正妹] urara
 7/26,/bbs/Beauty/M.1658765446.A.EFD.html,16,[正妹] 大原
 7/26,/bbs/Beauty/M.1658765824.A.227.html,50,[正妹] 短髮 女友感
 7/26,/bbs/Beauty/M.1658769107.A.F54.html,3,[正妹] 瀑布玩水
 7/26,/bbs/Beauty/M.1658769591.A.AF6.html,,[正妹] 性感
 7/26,/bbs/Beauty/M.1658770595.A.B82.html,9,[正妹] 高中生，可能混血，氣質不錯
 7/26,/bbs/Beauty/M.1658790465.A.83F.html,8,[正妹] 馬尾 韓國非偶像出身女演員篇
 7/26,/bbs/Beauty/M.1658792348.A.F72.html,,[正妹] 聽說最近都差邊球
 7/26,/bbs/Beauty/M.1658799450.A.4AB.html,4,[正妹] 佐藤芹菜
 7/26,/bbs/Beauty/M.1658800418.A.9AA.html,11,[正妹] 韓國人
 7/26,/bbs/Beauty/M.1658805557.A.9EA.html,22,[正妹] 一張
 7/26,/bbs/Beauty/M.1658813108.A.877.html,3,[正妹] 青春4張
 7/26,/bbs/Beauty/M.1658815747.A.959.html,21,[正妹] 人妻兩張
 7/26,/bbs/Beauty/M.1658817873.A.063.html,38,[正妹] 好抱的
 7/26,/bbs/Beauty/M.1658823388.A.313.html,5,[神人] 神fb廣告的正妹
 7/26,/bbs/Beauty/M.1658823467.A.2D4.html,20,[正妹] 水蠻牛
 7/24,/bbs/Beauty/M.1658665543.A.147.html,7,[正妹] Pamela Anderson 還天然的時候
 7/24,/bbs/Beauty/M.1658667121.A.26A.html,29,[正妹] 主播
 7/24,/bbs/Beauty/M.1658671268.A.512.html,3,[正妹] 日永麗
 7/24,/bbs/Beauty/M.1658675252.A.FA0.html,10,[正妹] Carol Imhof 美國模特兒
 7/24,/bbs/Beauty/M.1658675597.A.4E8.html,2,[正妹] 麻倉瑞季
 7/24,/bbs/Beauty/M.1658677603.A.E66.html,15,[正妹] 哈薩克新住民可欣
 7/24,/bbs/Beauty/M.1658678271.A.896.html,21,[神人] 神影片中奶妹
 7/25,/bbs/Beauty/M.1658714372.A.0FE.html,73,[正妹] 苗條清新
 7/25,/bbs/Beauty/M.1658714972.A.3B2.html,爆,[正妹] 多組中文音樂圈的樂團成員
 7/25,/bbs/Beauty/M.1658725677.A.7E7.html,30,[神人] 劍湖山性轉滑水道奶妹
 7/25,/bbs/Beauty/M.1658727829.A.D92.html,,[正妹] 古靈精怪捲髮妹子
 7/25,/bbs/Beauty/M.1658730539.A.8B9.html,4,[正妹] halin
 7/25,/bbs/Beauty/M.1658733293.A.91D.html,89,[正妹] 對 修很大
 7/25,/bbs/Beauty/M.1658734726.A.675.html,15,[正妹] 黑色愛心
 7/25,/bbs/Beauty/M.1658745574.A.BE9.html,5,[正妹] 壓力
 7/25,/bbs/Beauty/M.1658746726.A.507.html,6,[正妹] 屁屁
 7/25,/bbs/Beauty/M.1658749534.A.71D.html,14,[正妹] Joni Miller 氣質美人 176cm
 7/25,/bbs/Beauty/M.1658749641.A.5F4.html,12,[正妹] 游泳
 7/25,/bbs/Beauty/M.1658750227.A.521.html,9,[正妹] 乃木坂5期生三巨頭
 7/25,/bbs/Beauty/M.1658751177.A.9D7.html,,[正妹] 大尺碼｜肉特(981)
